BITS ID,Total Marks,Grade
2024CS1000,62,B
2024CS1001,65,B
2024CS1002,53,B-
2024CS1003,59,B-
2024CS1004,74,A-
2024CS1005,70,A-
2024CS1006,57,B-
2024CS1007,100,A
2024CS1008,83,A
2024CS1009,67,B
2024CS1010,62,B
2024CS1011,81,A
2024CS1012,84,A
2024CS1013,59,B-
2024CS1014,65,B
2024CS1015,58,B-
2024CS1016,67,B
2024CS1017,61,B
2024CS1018,56,B-
2024CS1019,70,A-
2024CS1020,50,B-
2024CS1021,56,B-
2024CS1022,57,B-
2024CS1023,55,B-
2024CS1024,26,D
2024CS1025,50,B-
2024CS1026,64,B
2024CS1027,49,C
2024CS1028,62,B
2024CS1029,77,A-
2024CS1030,62,B
2024CS1031,75,A-
2024CS1032,60,B
2024CS1033,67,B
